State,postalCodeMatchingRegex,name,,rate
California,90001,90001,,0.095
California,90002,90002,,0.095
California,90003,90003,,0.095
California,90004,90004,,0.095
California,90005,90005,,0.095
California,90006,90006,,0.095
California,90007,90007,,0.095
California,90008,90008,,0.095
California,90009,90009,,0.095
California,90010,90010,,0.095
California,90011,90011,,0.095
California,90012,90012,,0.095
California,90013,90013,,0.095
California,90014,90014,,0.095
California,90015,90015,,0.095
California,90016,90016,,0.095
California,90017,90017,,0.095
California,90018,90018,,0.095
California,90019,90019,,0.095
California,90020,90020,,0.095
California,90021,90021,,0.095
California,90022,90022,,0.095
California,90023,90023,,0.095
California,90024,90024,,0.095
California,90025,90025,,0.095
California,90026,90026,,0.095
California,90027,90027,,0.095
California,90028,90028,,0.095
California,90029,90029,,0.095
California,90030,90030,,0.095
California,90031,90031,,0.095
California,90032,90032,,0.095
California,90033,90033,,0.095
California,90034,90034,,0.095
California,90035,90035,,0.095
California,90036,90036,,0.095
California,90037,90037,,0.095
California,90038,90038,,0.095
California,90039,90039,,0.095
California,90040,90040,,0.1025
California,90041,90041,,0.095
California,90042,90042,,0.095
California,90043,90043,,0.095
California,90044,90044,,0.095
California,90045,90045,,0.095
California,90046,90046,,0.095
California,90047,90047,,0.095
California,90048,90048,,0.095
California,90049,90049,,0.095
California,90050,90050,,0.095
California,90051,90051,,0.095
California,90052,90052,,0.095
California,90053,90053,,0.095
California,90054,90054,,0.095
California,90055,90055,,0.095
California,90056,90056,,0.095
California,90057,90057,,0.095
California,90058,90058,,0.1025
California,90059,90059,,0.095
California,90060,90060,,0.095
California,90061,90061,,0.095
California,90062,90062,,0.095
California,90063,90063,,0.095
California,90064,90064,,0.095
California,90065,90065,,0.095
California,90066,90066,,0.095
California,90067,90067,,0.095
California,90068,90068,,0.095
California,90069,90069,,0.1025
California,90070,90070,,0.095
California,90071,90071,,0.095
California,90072,90072,,0.095
California,90073,90073,,0.095
California,90074,90074,,0.095
California,90075,90075,,0.095
California,90076,90076,,0.095
California,90077,90077,,0.095
California,90078,90078,,0.095
California,90079,90079,,0.095
California,90081,90081,,0.095
California,90082,90082,,0.095
California,90083,90083,,0.095
California,90084,90084,,0.095
California,90086,90086,,0.095
California,90087,90087,,0.095
California,90088,90088,,0.095
California,90089,90089,,0.095
California,90091,90091,,0.095
California,90093,90093,,0.095
California,90094,90094,,0.095
California,90095,90095,,0.095
California,90096,90096,,0.095
California,90099,90099,,0.095
California,90201,90201,,0.1025
California,90202,90202,,0.1025
California,90209,90209,,0.095
California,90210,90210,,0.095
California,90211,90211,,0.095
California,90212,90212,,0.095
California,90213,90213,,0.095
California,90220,90220,,0.1025
California,90221,90221,,0.1025
California,90222,90222,,0.1025
California,90223,90223,,0.1025
California,90224,90224,,0.1025
California,90230,90230,,0.1025
California,90231,90231,,0.1025
California,90232,90232,,0.1025
California,90233,90233,,0.1025
California,90239,90239,,0.1
California,90240,90240,,0.1
California,90241,90241,,0.1
California,90242,90242,,0.1
California,90245,90245,,0.095
California,90247,90247,,0.1025
California,90248,90248,,0.095
California,90249,90249,,0.1025
California,90250,90250,,0.1025
California,90251,90251,,0.1025
California,90254,90254,,0.095
California,90255,90255,,0.1025
California,90260,90260,,0.1025
California,90262,90262,,0.1025
California,90263,90263,,0.095
California,90264,90264,,0.095
California,90265,90265,,0.095
California,90266,90266,,0.095
California,90267,90267,,0.095
California,90270,90270,,0.095
California,90272,90272,,0.095
California,90274,90274,,0.095
California,90275,90275,,0.095
California,90277,90277,,0.095
California,90278,90278,,0.095
California,90280,90280,,0.1025
California,90290,90290,,0.095
California,90291,90291,,0.095
California,90292,90292,,0.095
California,90293,90293,,0.095
California,90294,90294,,0.095
California,90295,90295,,0.095
California,90296,90296,,0.095
California,90301,90301,,0.1
California,90302,90302,,0.1
California,90303,90303,,0.1
California,90304,90304,,0.095
California,90305,90305,,0.1
California,90306,90306,,0.1
California,90307,90307,,0.1
California,90308,90308,,0.1
California,90309,90309,,0.1
California,90310,90310,,0.1
California,90311,90311,,0.1
California,90401,90401,,0.1025
California,90402,90402,,0.1025
California,90403,90403,,0.1025
California,90404,90404,,0.1025
California,90405,90405,,0.1025
California,90406,90406,,0.1025
California,90408,90408,,0.1025
California,90409,90409,,0.1025
California,90501,90501,,0.095
California,90502,90502,,0.095
California,90503,90503,,0.095
California,90504,90504,,0.095
California,90505,90505,,0.095
California,90506,90506,,0.095
California,90507,90507,,0.095
California,90508,90508,,0.095
California,90510,90510,,0.095
California,90601,90601,,0.1025
California,90602,90602,,0.1025
California,90603,90603,,0.1025
California,90604,90604,,0.095
California,90605,90605,,0.095
California,90606,90606,,0.095
California,90607,90607,,0.1025
California,90608,90608,,0.1025
California,90609,90609,,0.1025
California,90620,90620,,0.0775
California,90621,90621,,0.0775
California,90622,90622,,0.0775
California,90623,90623,,0.0875
California,90630,90630,,0.0775
California,90631,90631,,0.0825
California,90632,90632,,0.0825
California,90633,90633,,0.0825
California,90637,90637,,0.095
California,90638,90638,,0.095
California,90639,90639,,0.095
California,90640,90640,,0.1025
California,90650,90650,,0.1025
California,90651,90651,,0.1025
California,90652,90652,,0.1025
California,90660,90660,,0.1025
California,90662,90662,,0.1025
California,90670,90670,,0.105
California,90671,90671,,0.105
California,90680,90680,,0.0875
California,90701,90701,,0.095
California,90702,90702,,0.095
California,90703,90703,,0.095
California,90704,90704,,0.1
California,90706,90706,,0.1025
California,90707,90707,,0.1025
California,90710,90710,,0.095
California,90711,90711,,0.1025
California,90712,90712,,0.1025
California,90713,90713,,0.1025
California,90714,90714,,0.1025
California,90715,90715,,0.1025
California,90716,90716,,0.1025
California,90717,90717,,0.1025
California,90720,90720,,0.0925
California,90721,90721,,0.0925
California,90723,90723,,0.1025
California,90731,90731,,0.095
California,90732,90732,,0.095
California,90733,90733,,0.095
California,90734,90734,,0.095
California,90740,90740,,0.0875
California,90742,90742,,0.0775
California,90743,90743,,0.0875
California,90744,90744,,0.095
California,90745,90745,,0.1025
California,90746,90746,,0.1025
California,90747,90747,,0.1025
California,90748,90748,,0.095
California,90749,90749,,0.1025
California,90755,90755,,0.1025
California,90801,90801,,0.1025
California,90802,90802,,0.1025
California,90803,90803,,0.1025
California,90804,90804,,0.1025
California,90805,90805,,0.1025
California,90806,90806,,0.1025
California,90807,90807,,0.1025
California,90808,90808,,0.1025
California,90809,90809,,0.1025
California,90810,90810,,0.1025
California,90813,90813,,0.1025
California,90814,90814,,0.1025
California,90815,90815,,0.1025
California,90822,90822,,0.1025
California,90831,90831,,0.1025
California,90832,90832,,0.1025
California,90833,90833,,0.1025
California,90840,90840,,0.1025
California,90844,90844,,0.1025
California,90846,90846,,0.1025
California,90853,90853,,0.1025
California,90895,90895,,0.1025
California,91001,91001,,0.095
California,91003,91003,,0.095
California,91006,91006,,0.1025
California,91007,91007,,0.1025
California,91008,91008,,0.095
California,91009,91009,,0.1025
California,91010,91010,,0.1025
California,91011,91011,,0.095
California,91012,91012,,0.095
California,91016,91016,,0.1025
California,91017,91017,,0.1025
California,91020,91020,,0.095
California,91021,91021,,0.095
California,91023,91023,,0.095
California,91024,91024,,0.1025
California,91025,91025,,0.1025
California,91030,91030,,0.1025
California,91031,91031,,0.1025
California,91040,91040,,0.095
California,91041,91041,,0.095
California,91042,91042,,0.095
California,91043,91043,,0.095
California,91046,91046,,0.1025
California,91066,91066,,0.1025
California,91077,91077,,0.1025
California,91101,91101,,0.1025
California,91102,91102,,0.1025
California,91103,91103,,0.1025
California,91104,91104,,0.1025
California,91105,91105,,0.1025
California,91106,91106,,0.1025
California,91107,91107,,0.1025
California,91108,91108,,0.095
California,91109,91109,,0.1025
California,91114,91114,,0.1025
California,91115,91115,,0.1025
California,91116,91116,,0.1025
California,91117,91117,,0.1025
California,91118,91118,,0.095
California,91121,91121,,0.1025
California,91123,91123,,0.1025
California,91124,91124,,0.1025
California,91125,91125,,0.1025
California,91126,91126,,0.1025
California,91129,91129,,0.1025
California,91182,91182,,0.1025
California,91184,91184,,0.1025
California,91185,91185,,0.1025
California,91188,91188,,0.1025
California,91189,91189,,0.1025
California,91199,91199,,0.1025
California,91201,91201,,0.1025
California,91202,91202,,0.1025
California,91203,91203,,0.1025
California,91204,91204,,0.1025
California,91205,91205,,0.1025
California,91206,91206,,0.1025
California,91207,91207,,0.1025
California,91208,91208,,0.1025
California,91209,91209,,0.1025
California,91210,91210,,0.1025
California,91214,91214,,0.1025
California,91221,91221,,0.1025
California,91222,91222,,0.1025
California,91224,91224,,0.1025
California,91225,91225,,0.1025
California,91226,91226,,0.1025
California,91301,91301,,0.095
California,91302,91302,,0.095
California,91303,91303,,0.095
California,91304,91304,,0.095
California,91305,91305,,0.095
California,91306,91306,,0.095
California,91307,91307,,0.095
California,91308,91308,,0.095
California,91309,91309,,0.095
California,91310,91310,,0.095
California,91311,91311,,0.095
California,91313,91313,,0.095
California,91316,91316,,0.095
California,91319,91319,,0.0725
California,91320,91320,,0.0725
California,91321,91321,,0.095
California,91322,91322,,0.095
California,91324,91324,,0.095
California,91325,91325,,0.095
California,91326,91326,,0.095
California,91327,91327,,0.095
California,91328,91328,,0.095
California,91329,91329,,0.095
California,91330,91330,,0.095
California,91331,91331,,0.095
California,91333,91333,,0.095
California,91334,91334,,0.095
California,91335,91335,,0.095
California,91337,91337,,0.095
California,91340,91340,,0.1025
California,91341,91341,,0.1025
California,91342,91342,,0.095
California,91343,91343,,0.095
California,91344,91344,,0.095
California,91345,91345,,0.095
California,91346,91346,,0.095
California,91350,91350,,0.095
California,91351,91351,,0.095
California,91352,91352,,0.095
California,91353,91353,,0.095
California,91354,91354,,0.095
California,91355,91355,,0.095
California,91356,91356,,0.095
California,91357,91357,,0.095
California,91358,91358,,0.0725
California,91359,91359,,0.0725
California,91360,91360,,0.0725
California,91361,91361,,0.0725
California,91362,91362,,0.0725
California,91364,91364,,0.095
California,91365,91365,,0.095
California,91367,91367,,0.095
California,91371,91371,,0.095
California,91372,91372,,0.095
California,91376,91376,,0.095
California,91377,91377,,0.0725
California,91380,91380,,0.095
California,91381,91381,,0.095
California,91382,91382,,0.095
California,91383,91383,,0.095
California,91384,91384,,0.095
California,91385,91385,,0.095
California,91386,91386,,0.095
California,91387,91387,,0.095
California,91390,91390,,0.095
California,91392,91392,,0.095
California,91393,91393,,0.095
California,91394,91394,,0.095
California,91395,91395,,0.095
California,91396,91396,,0.095
California,91401,91401,,0.095
California,91402,91402,,0.095
California,91403,91403,,0.095
California,91404,91404,,0.095
California,91405,91405,,0.095
California,91406,91406,,0.095
California,91407,91407,,0.095
California,91408,91408,,0.095
California,91409,91409,,0.095
California,91411,91411,,0.095
California,91412,91412,,0.095
California,91413,91413,,0.095
California,91416,91416,,0.095
California,91423,91423,,0.095
California,91426,91426,,0.095
California,91436,91436,,0.095
California,91470,91470,,0.095
California,91482,91482,,0.095
California,91495,91495,,0.095
California,91496,91496,,0.095
California,91501,91501,,0.1025
California,91502,91502,,0.1025
California,91503,91503,,0.1025
California,91504,91504,,0.1025
California,91505,91505,,0.1025
California,91506,91506,,0.1025
California,91507,91507,,0.1025
California,91508,91508,,0.1025
California,91510,91510,,0.1025
California,91521,91521,,0.1025
California,91522,91522,,0.1025
California,91523,91523,,0.1025
California,91526,91526,,0.1025
California,91601,91601,,0.095
California,91602,91602,,0.095
California,91603,91603,,0.095
California,91604,91604,,0.095
California,91605,91605,,0.095
California,91606,91606,,0.095
California,91607,91607,,0.095
California,91608,91608,,0.095
California,91609,91609,,0.095
California,91610,91610,,0.095
California,91611,91611,,0.095
California,91612,91612,,0.095
California,91614,91614,,0.095
California,91615,91615,,0.095
California,91617,91617,,0.095
California,91618,91618,,0.095
California,91701,91701,,0.0775
California,91702,91702,,0.1025
California,91706,91706,,0.095
California,91708,91708,,0.0775
California,91709,91709,,0.0775
California,91710,91710,,0.0775
California,91711,91711,,0.095
California,91714,91714,,0.095
California,91715,91715,,0.095
California,91722,91722,,0.1025
California,91723,91723,,0.1025
California,91724,91724,,0.1025
California,91729,91729,,0.0775
California,91730,91730,,0.0775
California,91731,91731,,0.1
California,91732,91732,,0.1
California,91733,91733,,0.1025
California,91734,91734,,0.1
California,91737,91737,,0.0775
California,91739,91739,,0.0775
California,91740,91740,,0.1025
California,91741,91741,,0.1025
California,91743,91743,,0.0775
California,91744,91744,,0.1
California,91745,91745,,0.095
California,91746,91746,,0.095
California,91747,91747,,0.1
California,91748,91748,,0.095
California,91750,91750,,0.1025
California,91752,91752,,0.0775
California,91754,91754,,0.095
California,91755,91755,,0.095
California,91756,91756,,0.095
California,91759,91759,,0.0775
California,91761,91761,,0.0775
California,91762,91762,,0.0775
California,91763,91763,,0.09
California,91764,91764,,0.0775
California,91765,91765,,0.095
California,91766,91766,,0.1025
California,91767,91767,,0.1025
California,91768,91768,,0.1025
California,91769,91769,,0.1025
California,91770,91770,,0.095
California,91771,91771,,0.095
California,91772,91772,,0.095
California,91773,91773,,0.095
California,91775,91775,,0.095
California,91776,91776,,0.1025
California,91778,91778,,0.1025
California,91780,91780,,0.095
California,91784,91784,,0.0775
California,91785,91785,,0.0775
California,91786,91786,,0.0775
California,91788,91788,,0.095
California,91789,91789,,0.095
California,91790,91790,,0.095
California,91791,91791,,0.095
California,91792,91792,,0.095
California,91793,91793,,0.095
California,91801,91801,,0.1025
California,91802,91802,,0.1025
California,91803,91803,,0.1025
California,91804,91804,,0.1025
California,91896,91896,,0.1025
California,91899,91899,,0.1025
California,91901,91901,,0.0775
California,91902,91902,,0.0775
California,91903,91903,,0.0775
California,91905,91905,,0.0775
California,91906,91906,,0.0775
California,91908,91908,,0.0775
California,91910,91910,,0.0875
California,91911,91911,,0.0875
California,91912,91912,,0.0875
California,91913,91913,,0.0875
California,91914,91914,,0.0875
California,91915,91915,,0.0875
California,91916,91916,,0.0775
California,91917,91917,,0.0775
California,91921,91921,,0.0875
California,91931,91931,,0.0775
California,91932,91932,,0.0875
California,91933,91933,,0.0875
California,91934,91934,,0.0775
California,91935,91935,,0.0775
California,91941,91941,,0.085
California,91942,91942,,0.085
California,91943,91943,,0.085
California,91944,91944,,0.085
California,91945,91945,,0.0775
California,91946,91946,,0.0775
California,91948,91948,,0.0775
California,91950,91950,,0.0875
California,91951,91951,,0.0875
California,91962,91962,,0.0775
California,91963,91963,,0.0775
California,91976,91976,,0.0775
California,91977,91977,,0.0775
California,91978,91978,,0.0775
California,91979,91979,,0.0775
California,91980,91980,,0.0775
California,92003,92003,,0.0775
California,92004,92004,,0.0775
California,92007,92007,,0.0775
California,92008,92008,,0.0775
California,92009,92009,,0.0775
California,92010,92010,,0.0775
California,92011,92011,,0.0775
California,92013,92013,,0.0775
California,92014,92014,,0.0875
California,92018,92018,,0.0775
California,92019,92019,,0.0775
California,92020,92020,,0.0825
California,92021,92021,,0.0775
California,92022,92022,,0.0825
California,92023,92023,,0.0775
California,92024,92024,,0.0775
California,92025,92025,,0.0775
California,92026,92026,,0.0775
California,92027,92027,,0.0775
California,92028,92028,,0.0775
California,92029,92029,,0.0775
California,92030,92030,,0.0775
California,92033,92033,,0.0775
California,92036,92036,,0.0775
California,92037,92037,,0.0775
California,92038,92038,,0.0775
California,92039,92039,,0.0775
California,92040,92040,,0.0775
California,92046,92046,,0.0775
California,92049,92049,,0.0825
California,92051,92051,,0.0825
California,92052,92052,,0.0825
California,92054,92054,,0.0825
California,92055,92055,,0.0775
California,92056,92056,,0.0825
California,92057,92057,,0.0825
California,92058,92058,,0.0825
California,92059,92059,,0.0775
California,92060,92060,,0.0775
California,92061,92061,,0.0775
California,92064,92064,,0.0775
California,92065,92065,,0.0775
California,92066,92066,,0.0775
California,92067,92067,,0.0775
California,92068,92068,,0.0825
California,92069,92069,,0.0775
California,92070,92070,,0.0775
California,92071,92071,,0.0775
California,92072,92072,,0.0775
California,92074,92074,,0.0775
California,92075,92075,,0.0775
California,92078,92078,,0.0775
California,92079,92079,,0.0775
California,92081,92081,,0.0825
California,92082,92082,,0.0775
California,92083,92083,,0.0825
California,92084,92084,,0.0825
California,92085,92085,,0.0825
California,92086,92086,,0.0775
California,92088,92088,,0.0775
California,92091,92091,,0.0775
California,92092,92092,,0.0775
California,92093,92093,,0.0775
California,92096,92096,,0.0775
California,92101,92101,,0.0775
California,92102,92102,,0.0775
California,92103,92103,,0.0775
California,92104,92104,,0.0775
California,92105,92105,,0.0775
California,92106,92106,,0.0775
California,92107,92107,,0.0775
California,92108,92108,,0.0775
California,92109,92109,,0.0775
California,92110,92110,,0.0775
California,92111,92111,,0.0775
California,92112,92112,,0.0775
California,92113,92113,,0.0775
California,92114,92114,,0.0775
California,92115,92115,,0.0775
California,92116,92116,,0.0775
California,92117,92117,,0.0775
California,92118,92118,,0.0775
California,92119,92119,,0.0775
California,92120,92120,,0.0775
California,92121,92121,,0.0775
California,92122,92122,,0.0775
California,92123,92123,,0.0775
California,92124,92124,,0.0775
California,92126,92126,,0.0775
California,92127,92127,,0.0775
California,92128,92128,,0.0775
California,92129,92129,,0.0775
California,92130,92130,,0.0775
California,92131,92131,,0.0775
California,92132,92132,,0.0775
California,92134,92134,,0.0775
California,92135,92135,,0.0775
California,92136,92136,,0.0775
California,92137,92137,,0.0775
California,92138,92138,,0.0775
California,92139,92139,,0.0775
California,92140,92140,,0.0775
California,92142,92142,,0.0775
California,92143,92143,,0.0775
California,92145,92145,,0.0775
California,92147,92147,,0.0775
California,92149,92149,,0.0775
California,92150,92150,,0.0775
California,92152,92152,,0.0775
California,92153,92153,,0.0775
California,92154,92154,,0.0775
California,92155,92155,,0.0775
California,92158,92158,,0.0775
California,92159,92159,,0.0775
California,92160,92160,,0.0775
California,92161,92161,,0.0775
California,92163,92163,,0.0775
California,92165,92165,,0.0775
California,92166,92166,,0.0775
California,92167,92167,,0.0775
California,92168,92168,,0.0775
California,92169,92169,,0.0775
California,92170,92170,,0.0775
California,92171,92171,,0.0775
California,92172,92172,,0.0775
California,92173,92173,,0.0775
California,92174,92174,,0.0775
California,92175,92175,,0.0775
California,92176,92176,,0.0775
California,92177,92177,,0.0775
California,92178,92178,,0.0775
California,92179,92179,,0.0775
California,92182,92182,,0.0775
California,92187,92187,,0.0775
California,92191,92191,,0.0775
California,92192,92192,,0.0775
California,92193,92193,,0.0775
California,92195,92195,,0.0775
California,92196,92196,,0.0775
California,92197,92197,,0.0775
California,92198,92198,,0.0775
California,92199,92199,,0.0775
California,92201,92201,,0.0875
California,92202,92202,,0.0875
California,92203,92203,,0.0875
California,92210,92210,,0.0775
California,92211,92211,,0.0775
California,92220,92220,,0.0775
California,92222,92222,,0.0775
California,92223,92223,,0.0775
California,92225,92225,,0.0875
California,92226,92226,,0.0875
California,92227,92227,,0.0775
California,92230,92230,,0.0775
California,92231,92231,,0.0825
California,92232,92232,,0.0825
California,92233,92233,,0.0775
California,92234,92234,,0.0875
California,92235,92235,,0.0875
California,92236,92236,,0.0875
California,92239,92239,,0.0775
California,92240,92240,,0.0775
California,92241,92241,,0.0775
California,92242,92242,,0.0775
California,92243,92243,,0.0825
California,92244,92244,,0.0825
California,92247,92247,,0.0875
California,92248,92248,,0.0875
California,92249,92249,,0.0775
California,92250,92250,,0.0775
California,92251,92251,,0.0775
California,92252,92252,,0.0775
California,92253,92253,,0.0875
California,92254,92254,,0.0775
California,92255,92255,,0.0775
California,92256,92256,,0.0775
California,92257,92257,,0.0775
California,92258,92258,,0.0775
California,92259,92259,,0.0775
California,92260,92260,,0.0775
California,92261,92261,,0.0775
California,92262,92262,,0.0925
California,92263,92263,,0.0925
California,92264,92264,,0.0925
California,92266,92266,,0.0775
California,92267,92267,,0.0775
California,92268,92268,,0.0775
California,92270,92270,,0.0775
California,92273,92273,,0.0775
California,92274,92274,,0.0775
California,92275,92275,,0.0775
California,92276,92276,,0.0775
California,92277,92277,,0.0775
California,92278,92278,,0.0775
California,92280,92280,,0.0775
California,92281,92281,,0.0775
California,92282,92282,,0.0775
California,92283,92283,,0.0775
California,92284,92284,,0.0875
California,92285,92285,,0.0775
California,92286,92286,,0.0875
California,92301,92301,,0.0775
California,92304,92304,,0.0775
California,92305,92305,,0.0775
California,92307,92307,,0.0775
California,92308,92308,,0.0775
California,92309,92309,,0.0775
California,92310,92310,,0.0775
California,92311,92311,,0.0875
California,92312,92312,,0.0875
California,92313,92313,,0.0775
California,92314,92314,,0.0775
California,92315,92315,,0.0775
California,92316,92316,,0.0775
California,92317,92317,,0.0775
California,92318,92318,,0.0775
California,92320,92320,,0.0775
California,92321,92321,,0.0775
California,92322,92322,,0.0775
California,92323,92323,,0.0775
California,92324,92324,,0.0775
California,92325,92325,,0.0775
California,92327,92327,,0.0775
California,92328,92328,,0.0775
California,92329,92329,,0.0775
California,92331,92331,,0.0775
California,92332,92332,,0.0775
California,92333,92333,,0.0775
California,92334,92334,,0.0775
California,92335,92335,,0.0775
California,92336,92336,,0.0775
California,92337,92337,,0.0775
California,92338,92338,,0.0775
California,92339,92339,,0.0775
California,92340,92340,,0.0775
California,92341,92341,,0.0775
California,92342,92342,,0.0775
California,92344,92344,,0.0775
California,92345,92345,,0.0775
California,92346,92346,,0.0775
California,92347,92347,,0.0775
California,92350,92350,,0.0775
California,92352,92352,,0.0775
California,92354,92354,,0.0775
California,92356,92356,,0.0775
California,92357,92357,,0.0775
California,92358,92358,,0.0775
California,92359,92359,,0.0775
California,92363,92363,,0.0775
California,92364,92364,,0.0775
California,92365,92365,,0.0775
California,92366,92366,,0.0775
California,92368,92368,,0.0775
California,92369,92369,,0.0875
California,92371,92371,,0.0775
California,92372,92372,,0.0775
California,92373,92373,,0.0875
California,92374,92374,,0.0875
California,92375,92375,,0.0875
California,92376,92376,,0.0775
California,92377,92377,,0.0775
California,92378,92378,,0.0775
California,92382,92382,,0.0775
California,92384,92384,,0.0775
California,92385,92385,,0.0775
California,92386,92386,,0.0775
California,92389,92389,,0.0775
California,92391,92391,,0.0775
California,92392,92392,,0.0875
California,92393,92393,,0.0875
California,92394,92394,,0.0875
California,92395,92395,,0.0875
California,92397,92397,,0.0775
California,92398,92398,,0.0775
California,92399,92399,,0.0775
California,92401,92401,,0.0875
California,92402,92402,,0.0875
California,92403,92403,,0.0875
California,92404,92404,,0.0875
California,92405,92405,,0.0875
California,92406,92406,,0.0875
California,92407,92407,,0.0875
California,92408,92408,,0.0875
California,92410,92410,,0.0875
California,92411,92411,,0.0875
California,92413,92413,,0.0875
California,92415,92415,,0.0875
California,92418,92418,,0.0875
California,92423,92423,,0.0875
California,92427,92427,,0.0875
California,92501,92501,,0.0875
California,92502,92502,,0.0875
California,92503,92503,,0.0875
California,92504,92504,,0.0875
California,92505,92505,,0.0875
California,92506,92506,,0.0875
California,92507,92507,,0.0875
California,92508,92508,,0.0875
California,92509,92509,,0.0775
California,92513,92513,,0.0875
California,92514,92514,,0.0875
California,92516,92516,,0.0875
California,92517,92517,,0.0875
California,92518,92518,,0.0775
California,92519,92519,,0.0775
California,92521,92521,,0.0875
California,92522,92522,,0.0875
California,92530,92530,,0.0875
California,92531,92531,,0.0875
California,92532,92532,,0.0875
California,92536,92536,,0.0775
California,92539,92539,,0.0775
California,92543,92543,,0.0875
California,92544,92544,,0.0775
California,92545,92545,,0.0875
California,92546,92546,,0.0875
California,92548,92548,,0.0775
California,92549,92549,,0.0775
California,92551,92551,,0.0775
California,92552,92552,,0.0775
California,92553,92553,,0.0775
California,92555,92555,,0.0775
California,92556,92556,,0.0775
California,92557,92557,,0.0775
California,92561,92561,,0.0775
California,92562,92562,,0.0875
California,92563,92563,,0.0875
California,92564,92564,,0.0875
California,92567,92567,,0.0775
California,92570,92570,,0.0775
California,92571,92571,,0.0775
California,92572,92572,,0.0775
California,92581,92581,,0.0875
California,92582,92582,,0.0875
California,92583,92583,,0.0875
California,92584,92584,,0.0875
California,92585,92585,,0.0875
California,92586,92586,,0.0875
California,92587,92587,,0.0775
California,92589,92589,,0.0875
California,92590,92590,,0.0875
California,92591,92591,,0.0875
California,92592,92592,,0.0875
California,92593,92593,,0.0875
California,92595,92595,,0.0875
California,92596,92596,,0.0775
California,92599,92599,,0.0775
California,92602,92602,,0.0775
California,92603,92603,,0.0775
California,92604,92604,,0.0775
California,92605,92605,,0.0775
California,92606,92606,,0.0775
California,92607,92607,,0.0775
California,92609,92609,,0.0775
California,92610,92610,,0.0775
California,92612,92612,,0.0775
California,92614,92614,,0.0775
California,92615,92615,,0.0775
California,92616,92616,,0.0775
California,92617,92617,,0.0775
California,92618,92618,,0.0775
California,92619,92619,,0.0775
California,92620,92620,,0.0775
California,92623,92623,,0.0775
California,92624,92624,,0.0775
California,92625,92625,,0.0775
California,92626,92626,,0.0775
California,92627,92627,,0.0775
California,92628,92628,,0.0775
California,92629,92629,,0.0775
California,92630,92630,,0.0775
California,92637,92637,,0.0775
California,92646,92646,,0.0775
California,92647,92647,,0.0775
California,92648,92648,,0.0775
California,92649,92649,,0.0775
California,92650,92650,,0.0775
California,92651,92651,,0.0775
California,92652,92652,,0.0775
California,92653,92653,,0.0775
California,92654,92654,,0.0775
California,92655,92655,,0.0775
California,92656,92656,,0.0775
California,92657,92657,,0.0775
California,92658,92658,,0.0775
California,92659,92659,,0.0775
California,92660,92660,,0.0775
California,92661,92661,,0.0775
California,92662,92662,,0.0775
California,92663,92663,,0.0775
California,92672,92672,,0.0775
California,92673,92673,,0.0775
California,92674,92674,,0.0775
California,92675,92675,,0.0775
California,92676,92676,,0.0775
California,92677,92677,,0.0775
California,92678,92678,,0.0775
California,92679,92679,,0.0775
California,92683,92683,,0.0875
California,92684,92684,,0.0875
California,92685,92685,,0.0875
California,92688,92688,,0.0775
California,92690,92690,,0.0775
California,92691,92691,,0.0775
California,92692,92692,,0.0775
California,92693,92693,,0.0775
California,92694,92694,,0.0775
California,92697,92697,,0.0775
California,92698,92698,,0.0775
California,92701,92701,,0.0925
California,92702,92702,,0.0925
California,92703,92703,,0.0925
California,92704,92704,,0.0925
California,92705,92705,,0.0925
California,92706,92706,,0.0925
California,92707,92707,,0.0925
California,92708,92708,,0.0875
California,92711,92711,,0.0925
California,92712,92712,,0.0925
California,92728,92728,,0.0875
California,92735,92735,,0.0925
California,92780,92780,,0.0775
California,92781,92781,,0.0775
California,92782,92782,,0.0775
California,92799,92799,,0.0925
California,92801,92801,,0.0775
California,92802,92802,,0.0775
California,92803,92803,,0.0775
California,92804,92804,,0.0775
California,92805,92805,,0.0775
California,92806,92806,,0.0775
California,92807,92807,,0.0775
California,92808,92808,,0.0775
California,92809,92809,,0.0775
California,92811,92811,,0.0775
California,92812,92812,,0.0775
California,92814,92814,,0.0775
California,92815,92815,,0.0775
California,92816,92816,,0.0775
California,92817,92817,,0.0775
California,92821,92821,,0.0775
California,92822,92822,,0.0775
California,92823,92823,,0.0775
California,92825,92825,,0.0775
California,92831,92831,,0.0775
California,92832,92832,,0.0775
California,92833,92833,,0.0775
California,92834,92834,,0.0775
California,92835,92835,,0.0775
California,92836,92836,,0.0775
California,92837,92837,,0.0775
California,92838,92838,,0.0775
California,92840,92840,,0.0875
California,92841,92841,,0.0875
California,92842,92842,,0.0875
California,92843,92843,,0.0875
California,92844,92844,,0.0875
California,92845,92845,,0.0875
California,92846,92846,,0.0875
California,92856,92856,,0.0775
California,92857,92857,,0.0775
California,92859,92859,,0.0775
California,92860,92860,,0.0875
California,92861,92861,,0.0775
California,92862,92862,,0.0775
California,92863,92863,,0.0775
California,92864,92864,,0.0775
California,92865,92865,,0.0775
California,92866,92866,,0.0775
California,92867,92867,,0.0775
California,92868,92868,,0.0775
California,92869,92869,,0.0775
California,92870,92870,,0.0875
California,92871,92871,,0.0875
California,92877,92877,,0.0875
California,92878,92878,,0.0875
California,92879,92879,,0.0875
California,92880,92880,,0.0775
California,92881,92881,,0.0875
California,92882,92882,,0.0875
California,92883,92883,,0.0775
California,92885,92885,,0.0775
California,92886,92886,,0.0775
California,92887,92887,,0.0775
California,92899,92899,,0.0775
California,93001,93001,,0.0775
California,93002,93002,,0.0775
California,93003,93003,,0.0775
California,93004,93004,,0.0775
California,93005,93005,,0.0775
California,93006,93006,,0.0775
California,93007,93007,,0.0775
California,93009,93009,,0.0775
California,93010,93010,,0.0725
California,93011,93011,,0.0725
California,93012,93012,,0.0725
California,93013,93013,,0.09
California,93014,93014,,0.09
California,93015,93015,,0.0725
California,93016,93016,,0.0725
California,93020,93020,,0.0725
California,93021,93021,,0.0725
California,93022,93022,,0.0725
California,93023,93023,,0.0725
California,93024,93024,,0.0725
California,93030,93030,,0.0925
California,93031,93031,,0.0925
California,93032,93032,,0.0925
California,93033,93033,,0.0925
California,93034,93034,,0.0925
California,93035,93035,,0.0925
California,93036,93036,,0.0925
California,93040,93040,,0.0725
California,93041,93041,,0.0875
California,93042,93042,,0.0725
California,93043,93043,,0.0875
California,93044,93044,,0.0875
California,93060,93060,,0.0825
California,93061,93061,,0.0825
California,93062,93062,,0.0725
California,93063,93063,,0.0725
California,93064,93064,,0.0725
California,93065,93065,,0.0725
California,93066,93066,,0.0725
California,93067,93067,,0.0775
California,93094,93094,,0.0725
California,93099,93099,,0.0725
California,93101,93101,,0.0875
California,93102,93102,,0.0875
California,93103,93103,,0.0875
California,93105,93105,,0.0875
California,93106,93106,,0.0775
California,93108,93108,,0.0775
California,93109,93109,,0.0875
California,93110,93110,,0.0775
California,93111,93111,,0.0775
California,93116,93116,,0.0775
California,93117,93117,,0.0775
California,93118,93118,,0.0775
California,93120,93120,,0.0875
California,93121,93121,,0.0875
California,93130,93130,,0.0875
California,93140,93140,,0.0875
California,93150,93150,,0.0775
California,93160,93160,,0.0775
California,93190,93190,,0.0875
California,93199,93199,,0.0775
California,93201,93201,,0.0775
California,93202,93202,,0.0725
California,93203,93203,,0.0825
California,93204,93204,,0.0725
California,93205,93205,,0.0725
California,93206,93206,,0.0725
California,93207,93207,,0.0775
California,93208,93208,,0.0775
California,93210,93210,,0.08975
California,93212,93212,,0.0825
California,93215,93215,,0.0825
California,93218,93218,,0.0775
California,93219,93219,,0.0775
California,93220,93220,,0.0725
California,93221,93221,,0.0875
California,93222,93222,,0.0725
California,93223,93223,,0.0875
California,93224,93224,,0.0725
California,93225,93225,,0.0725
California,93226,93226,,0.0725
California,93227,93227,,0.0775
California,93230,93230,,0.0725
California,93232,93232,,0.0725
California,93234,93234,,0.08975
California,93235,93235,,0.0775
California,93237,93237,,0.0775
California,93238,93238,,0.0725
California,93239,93239,,0.0725
California,93240,93240,,0.0725
California,93241,93241,,0.0725
California,93242,93242,,0.07975
California,93243,93243,,0.0725
California,93244,93244,,0.0775
California,93245,93245,,0.0725
California,93246,93246,,0.0725
California,93247,93247,,0.0875
California,93249,93249,,0.0725
California,93250,93250,,0.0725
California,93251,93251,,0.0725
California,93252,93252,,0.0725
California,93254,93254,,0.0775
California,93255,93255,,0.0725
California,93256,93256,,0.0775
California,93257,93257,,0.0925
California,93258,93258,,0.0925
California,93260,93260,,0.0775
California,93261,93261,,0.0775
California,93262,93262,,0.0775
California,93263,93263,,0.0725
California,93265,93265,,0.0775
California,93266,93266,,0.0725
California,93267,93267,,0.0775
California,93268,93268,,0.0725
California,93270,93270,,0.0775
California,93271,93271,,0.0775
California,93272,93272,,0.0775
California,93274,93274,,0.0825
California,93275,93275,,0.0825
California,93276,93276,,0.0725
California,93277,93277,,0.085
California,93278,93278,,0.085
California,93279,93279,,0.085
California,93280,93280,,0.0825
California,93282,93282,,0.0775
California,93283,93283,,0.0725
California,93285,93285,,0.0725
California,93286,93286,,0.0875
California,93287,93287,,0.0725
California,93290,93290,,0.085
California,93291,93291,,0.085
California,93292,93292,,0.085
California,93301,93301,,0.0825
California,93302,93302,,0.0725
California,93303,93303,,0.0725
California,93304,93304,,0.0825
California,93305,93305,,0.0825
California,93306,93306,,0.0825
California,93307,93307,,0.0825
California,93308,93308,,0.0725
California,93309,93309,,0.0825
California,93311,93311,,0.0825
California,93312,93312,,0.0825
California,93313,93313,,0.0825
California,93314,93314,,0.0725
California,93380,93380,,0.0725
California,93384,93384,,0.0825
California,93385,93385,,0.0825
California,93386,93386,,0.0725
California,93387,93387,,0.0825
California,93388,93388,,0.0725
California,93389,93389,,0.0825
California,93390,93390,,0.0825
California,93401,93401,,0.0875
California,93402,93402,,0.0725
California,93403,93403,,0.0875
California,93405,93405,,0.0875
California,93406,93406,,0.0875
California,93407,93407,,0.0725
California,93408,93408,,0.0875
California,93409,93409,,0.0875
California,93410,93410,,0.0725
California,93412,93412,,0.0725
California,93420,93420,,0.0775
California,93421,93421,,0.0725
California,93422,93422,,0.0875
California,93423,93423,,0.0875
California,93424,93424,,0.0725
California,93426,93426,,0.0775
California,93427,93427,,0.0775
California,93428,93428,,0.0725
California,93429,93429,,0.0775
California,93430,93430,,0.0725
California,93432,93432,,0.0725
California,93433,93433,,0.0875
California,93434,93434,,0.0875
California,93435,93435,,0.0725
California,93436,93436,,0.0875
California,93437,93437,,0.0775
California,93438,93438,,0.0875
California,93440,93440,,0.0775
California,93441,93441,,0.0775
California,93442,93442,,0.0875
California,93443,93443,,0.0875
California,93444,93444,,0.0725
California,93445,93445,,0.0725
California,93446,93446,,0.0875
California,93447,93447,,0.0875
California,93448,93448,,0.0775
California,93449,93449,,0.0775
California,93450,93450,,0.0775
California,93451,93451,,0.0725
California,93452,93452,,0.0725
California,93453,93453,,0.0725
California,93454,93454,,0.0875
California,93455,93455,,0.0775
California,93456,93456,,0.0875
California,93457,93457,,0.0775
California,93458,93458,,0.0875
California,93460,93460,,0.0775
California,93461,93461,,0.0725
California,93463,93463,,0.0775
California,93464,93464,,0.0775
California,93465,93465,,0.0725
California,93475,93475,,0.0725
California,93483,93483,,0.0875
California,93501,93501,,0.0725
California,93502,93502,,0.0725
California,93504,93504,,0.0725
California,93505,93505,,0.0725
California,93510,93510,,0.095
California,93512,93512,,0.0725
California,93513,93513,,0.0775
California,93514,93514,,0.0875
California,93515,93515,,0.0875
California,93516,93516,,0.0725
California,93517,93517,,0.0725
California,93518,93518,,0.0725
California,93522,93522,,0.0775
California,93523,93523,,0.0725
California,93524,93524,,0.0725
California,93526,93526,,0.0775
California,93527,93527,,0.0725
California,93528,93528,,0.0725
California,93529,93529,,0.0725
California,93530,93530,,0.0775
California,93531,93531,,0.0725
California,93532,93532,,0.095
California,93534,93534,,0.1025
California,93535,93535,,0.1025
California,93536,93536,,0.1025
California,93539,93539,,0.1025
California,93541,93541,,0.0725
California,93543,93543,,0.095
California,93544,93544,,0.095
California,93545,93545,,0.0775
California,93546,93546,,0.0775
California,93549,93549,,0.0775
California,93550,93550,,0.1025
California,93551,93551,,0.1025
California,93552,93552,,0.1025
California,93553,93553,,0.095
California,93554,93554,,0.0725
California,93555,93555,,0.0825
California,93556,93556,,0.0825
California,93560,93560,,0.0725
California,93561,93561,,0.0725
California,93562,93562,,0.0775
California,93563,93563,,0.095
California,93581,93581,,0.0725
California,93584,93584,,0.1025
California,93586,93586,,0.095
California,93590,93590,,0.1025
California,93591,93591,,0.095
California,93592,93592,,0.0775
California,93599,93599,,0.1025
California,93601,93601,,0.0775
California,93602,93602,,0.07975
California,93603,93603,,0.0775
California,93604,93604,,0.0775
California,93605,93605,,0.07975
California,93606,93606,,0.07975
California,93608,93608,,0.07975
California,93609,93609,,0.07975
California,93610,93610,,0.0875
California,93611,93611,,0.07975
California,93612,93612,,0.07975
California,93613,93613,,0.07975
California,93614,93614,,0.0775
California,93615,93615,,0.0775
California,93616,93616,,0.07975
California,93618,93618,,0.085
California,93619,93619,,0.07975
California,93620,93620,,0.0775
California,93621,93621,,0.07975
California,93622,93622,,0.07975
California,93623,93623,,0.0775
California,93624,93624,,0.07975
California,93625,93625,,0.08975
California,93626,93626,,0.07975
California,93627,93627,,0.07975
California,93628,93628,,0.07975
California,93630,93630,,0.08975
California,93631,93631,,0.08975
California,93633,93633,,0.0775
California,93634,93634,,0.07975
California,93635,93635,,0.0875
California,93636,93636,,0.0775
California,93637,93637,,0.0825
California,93638,93638,,0.0825
California,93639,93639,,0.0825
California,93640,93640,,0.07975
California,93641,93641,,0.07975
California,93642,93642,,0.07975
California,93643,93643,,0.0775
California,93644,93644,,0.0775
California,93645,93645,,0.0775
California,93646,93646,,0.07975
California,93647,93647,,0.0775
California,93648,93648,,0.08975
California,93649,93649,,0.07975
California,93650,93650,,0.0835
California,93651,93651,,0.07975
California,93652,93652,,0.07975
California,93653,93653,,0.0775
California,93654,93654,,0.09225
California,93656,93656,,0.07975
California,93657,93657,,0.08725
California,93660,93660,,0.07975
California,93661,93661,,0.0775
California,93662,93662,,0.08475
California,93664,93664,,0.07975
California,93665,93665,,0.0775
California,93666,93666,,0.0775
California,93667,93667,,0.07975
California,93668,93668,,0.07975
California,93669,93669,,0.0775
California,93670,93670,,0.0775
California,93673,93673,,0.0775
California,93675,93675,,0.07975
California,93701,93701,,0.0835
California,93702,93702,,0.0835
California,93703,93703,,0.0835
California,93704,93704,,0.0835
California,93705,93705,,0.0835
California,93706,93706,,0.0835
California,93707,93707,,0.0835
California,93708,93708,,0.0835
California,93709,93709,,0.0835
California,93710,93710,,0.0835
California,93711,93711,,0.0835
California,93712,93712,,0.0835
California,93714,93714,,0.0835
California,93715,93715,,0.0835
California,93716,93716,,0.0835
California,93717,93717,,0.0835
California,93718,93718,,0.0835
California,93720,93720,,0.0835
California,93721,93721,,0.0835
California,93722,93722,,0.0835
California,93723,93723,,0.07975
California,93724,93724,,0.0835
California,93725,93725,,0.07975
California,93726,93726,,0.0835
California,93727,93727,,0.0835
California,93728,93728,,0.0835
California,93729,93729,,0.0835
California,93730,93730,,0.0835
California,93737,93737,,0.07975
California,93740,93740,,0.0835
California,93741,93741,,0.0835
California,93744,93744,,0.0835
California,93745,93745,,0.07975
California,93747,93747,,0.0835
California,93750,93750,,0.0835
California,93755,93755,,0.0835
California,93760,93760,,0.0835
California,93761,93761,,0.0835
California,93764,93764,,0.0835
California,93765,93765,,0.0835
California,93771,93771,,0.0835
California,93772,93772,,0.0835
California,93773,93773,,0.0835
California,93774,93774,,0.0835
California,93775,93775,,0.0835
California,93776,93776,,0.0835
California,93777,93777,,0.0835
California,93778,93778,,0.0835
California,93779,93779,,0.0835
California,93786,93786,,0.0835
California,93790,93790,,0.0835
California,93791,93791,,0.0835
California,93792,93792,,0.0835
California,93793,93793,,0.0835
California,93794,93794,,0.0835
California,93844,93844,,0.0835
California,93888,93888,,0.0835
California,93901,93901,,0.0925
California,93902,93902,,0.0925
California,93905,93905,,0.0925
California,93906,93906,,0.0925
California,93907,93907,,0.0775
California,93908,93908,,0.0775
California,93912,93912,,0.0925
California,93915,93915,,0.0925
California,93920,93920,,0.0775
California,93921,93921,,0.0925
California,93922,93922,,0.0775
California,93923,93923,,0.0775
California,93924,93924,,0.0775
California,93925,93925,,0.0775
California,93926,93926,,0.0875
California,93927,93927,,0.095
California,93928,93928,,0.0775
California,93930,93930,,0.0875
California,93932,93932,,0.0775
California,93933,93933,,0.0925
California,93940,93940,,0.0925
California,93942,93942,,0.0925
California,93943,93943,,0.0925
California,93944,93944,,0.0925
California,93950,93950,,0.0875
California,93953,93953,,0.0775
California,93954,93954,,0.0775
California,93955,93955,,0.0925
California,93960,93960,,0.0925
California,93962,93962,,0.0775
California,94002,94002,,0.09875
California,94005,94005,,0.09375
California,94010,94010,,0.09625
California,94011,94011,,0.09625
California,94014,94014,,0.09875
California,94015,94015,,0.09875
California,94017,94017,,0.09875
California,94018,94018,,0.09375
California,94019,94019,,0.09375
California,94020,94020,,0.09375
California,94021,94021,,0.09375
California,94022,94022,,0.09125
California,94023,94023,,0.09125
California,94024,94024,,0.09125
California,94025,94025,,0.09375
California,94026,94026,,0.09375
California,94027,94027,,0.09375
California,94028,94028,,0.09375
California,94030,94030,,0.09375
California,94035,94035,,0.09125
California,94037,94037,,0.09375
California,94038,94038,,0.09375
California,94039,94039,,0.09125
California,94040,94040,,0.09125
California,94041,94041,,0.09125
California,94042,94042,,0.09125
California,94043,94043,,0.09125
California,94044,94044,,0.09375
California,94060,94060,,0.09375
California,94061,94061,,0.09875
California,94062,94062,,0.09875
California,94063,94063,,0.09875
California,94064,94064,,0.09875
California,94065,94065,,0.09875
California,94066,94066,,0.09875
California,94070,94070,,0.09375
California,94074,94074,,0.09375
California,94080,94080,,0.09875
California,94083,94083,,0.09875
California,94085,94085,,0.09125
California,94086,94086,,0.09125
California,94087,94087,,0.09125
California,94088,94088,,0.09125
California,94089,94089,,0.09125
California,94102,94102,,0.08625
California,94103,94103,,0.08625
California,94104,94104,,0.08625
California,94105,94105,,0.08625
California,94107,94107,,0.08625
California,94108,94108,,0.08625
California,94109,94109,,0.08625
California,94110,94110,,0.08625
California,94111,94111,,0.08625
California,94112,94112,,0.08625
California,94114,94114,,0.08625
California,94115,94115,,0.08625
California,94116,94116,,0.08625
California,94117,94117,,0.08625
California,94118,94118,,0.08625
California,94119,94119,,0.08625
California,94121,94121,,0.08625
California,94122,94122,,0.08625
California,94123,94123,,0.08625
California,94124,94124,,0.08625
California,94125,94125,,0.08625
California,94126,94126,,0.08625
California,94127,94127,,0.08625
California,94128,94128,,0.09375
California,94129,94129,,0.08625
California,94130,94130,,0.08625
California,94131,94131,,0.08625
California,94132,94132,,0.08625
California,94133,94133,,0.08625
California,94134,94134,,0.08625
California,94140,94140,,0.08625
California,94141,94141,,0.08625
California,94143,94143,,0.08625
California,94146,94146,,0.08625
California,94147,94147,,0.08625
California,94158,94158,,0.08625
California,94159,94159,,0.08625
California,94164,94164,,0.08625
California,94188,94188,,0.08625
California,94207,94207,,0.0875
California,94208,94208,,0.0875
California,94211,94211,,0.0875
California,94234,94234,,0.0875
California,94245,94245,,0.0875
California,94282,94282,,0.0775
California,94291,94291,,0.0875
California,94299,94299,,0.0875
California,94301,94301,,0.09125
California,94302,94302,,0.09125
California,94303,94303,,0.09125
California,94304,94304,,0.09125
California,94305,94305,,0.09125
California,94306,94306,,0.09125
California,94309,94309,,0.09125
California,94401,94401,,0.09625
California,94402,94402,,0.09625
California,94403,94403,,0.09625
California,94404,94404,,0.09375
California,94497,94497,,0.09625
California,94501,94501,,0.1075
California,94502,94502,,0.1075
California,94503,94503,,0.0775
California,94505,94505,,0.0875
California,94506,94506,,0.0875
California,94507,94507,,0.0875
California,94508,94508,,0.0775
California,94509,94509,,0.0975
California,94510,94510,,0.08375
California,94511,94511,,0.0875
California,94512,94512,,0.07375
California,94513,94513,,0.0875
California,94514,94514,,0.0875
California,94515,94515,,0.0775
California,94516,94516,,0.0875
California,94517,94517,,0.0875
California,94518,94518,,0.0975
California,94519,94519,,0.0975
California,94520,94520,,0.0975
California,94521,94521,,0.0975
California,94522,94522,,0.0975
California,94523,94523,,0.0925
California,94524,94524,,0.0975
California,94525,94525,,0.0875
California,94526,94526,,0.0875
California,94528,94528,,0.0875
California,94530,94530,,0.1025
California,94531,94531,,0.0975
California,94533,94533,,0.08375
California,94534,94534,,0.08375
California,94535,94535,,0.08375
California,94536,94536,,0.1025
California,94537,94537,,0.1025
California,94538,94538,,0.1025
California,94539,94539,,0.1025
California,94540,94540,,0.1075
California,94541,94541,,0.1075
California,94542,94542,,0.1075
California,94543,94543,,0.1075
California,94544,94544,,0.1075
California,94545,94545,,0.1075
California,94546,94546,,0.1025
California,94547,94547,,0.0925
California,94548,94548,,0.0875
California,94549,94549,,0.0875
California,94550,94550,,0.1025
California,94551,94551,,0.1025
California,94552,94552,,0.1025
California,94553,94553,,0.0975
California,94555,94555,,0.1025
California,94556,94556,,0.0975
California,94557,94557,,0.1075
California,94558,94558,,0.0775
California,94559,94559,,0.0775
California,94560,94560,,0.1075
California,94561,94561,,0.0875
California,94562,94562,,0.0775
California,94563,94563,,0.0975
California,94564,94564,,0.0975
California,94565,94565,,0.0925
California,94566,94566,,0.1025
California,94567,94567,,0.0775
California,94568,94568,,0.1025
California,94569,94569,,0.0875
California,94570,94570,,0.0975
California,94571,94571,,0.08125
California,94572,94572,,0.0875
California,94573,94573,,0.0775
California,94574,94574,,0.0825
California,94575,94575,,0.0975
California,94576,94576,,0.0775
California,94577,94577,,0.1075
California,94578,94578,,0.1075
California,94579,94579,,0.1075
California,94580,94580,,0.1025
California,94581,94581,,0.0775
California,94582,94582,,0.0875
California,94583,94583,,0.0875
California,94585,94585,,0.08375
California,94586,94586,,0.1025
California,94587,94587,,0.1075
California,94588,94588,,0.1025
California,94589,94589,,0.08375
California,94590,94590,,0.08375
California,94591,94591,,0.08375
California,94592,94592,,0.08375
California,94595,94595,,0.0875
California,94596,94596,,0.0875
California,94597,94597,,0.0875
California,94598,94598,,0.0875
California,94599,94599,,0.0775
California,94601,94601,,0.1025
California,94602,94602,,0.1025
California,94603,94603,,0.1025
California,94604,94604,,0.1025
California,94605,94605,,0.1025
California,94606,94606,,0.1025
California,94607,94607,,0.1025
California,94608,94608,,0.105
California,94609,94609,,0.1025
California,94610,94610,,0.1025
California,94611,94611,,0.1025
California,94612,94612,,0.1025
California,94613,94613,,0.1025
California,94614,94614,,0.1025
California,94615,94615,,0.1025
California,94618,94618,,0.1025
California,94619,94619,,0.1025
California,94620,94620,,0.1025
California,94621,94621,,0.1025
California,94622,94622,,0.1025
California,94623,94623,,0.1025
California,94624,94624,,0.1025
California,94661,94661,,0.1025
California,94662,94662,,0.105
California,94666,94666,,0.1025
California,94701,94701,,0.1025
California,94702,94702,,0.1025
California,94703,94703,,0.1025
California,94704,94704,,0.1025
California,94705,94705,,0.1025
California,94706,94706,,0.1075
California,94707,94707,,0.1025
California,94708,94708,,0.1025
California,94709,94709,,0.1025
California,94710,94710,,0.1025
California,94712,94712,,0.1025
California,94720,94720,,0.1025
California,94801,94801,,0.0975
California,94802,94802,,0.0975
California,94803,94803,,0.0875
California,94804,94804,,0.0975
California,94805,94805,,0.0975
California,94806,94806,,0.0925
California,94807,94807,,0.0975
California,94820,94820,,0.0875
California,94850,94850,,0.0975
California,94901,94901,,0.0925
California,94903,94903,,0.0925
California,94904,94904,,0.09
California,94912,94912,,0.0925
California,94913,94913,,0.0825
California,94914,94914,,0.0825
California,94915,94915,,0.0925
California,94920,94920,,0.0825
California,94922,94922,,0.085
California,94923,94923,,0.085
California,94924,94924,,0.0825
California,94925,94925,,0.09
California,94926,94926,,0.095
California,94927,94927,,0.09
California,94928,94928,,0.09
California,94929,94929,,0.0825
California,94930,94930,,0.09
California,94931,94931,,0.095
California,94933,94933,,0.0825
California,94937,94937,,0.0825
California,94938,94938,,0.0825
California,94939,94939,,0.09
California,94940,94940,,0.0825
California,94941,94941,,0.0825
California,94942,94942,,0.0825
California,94945,94945,,0.085
California,94946,94946,,0.0825
California,94947,94947,,0.085
California,94948,94948,,0.085
California,94949,94949,,0.085
California,94950,94950,,0.0825
California,94951,94951,,0.085
California,94952,94952,,0.095
California,94953,94953,,0.095
California,94954,94954,,0.095
California,94955,94955,,0.095
California,94956,94956,,0.0825
California,94957,94957,,0.0825
California,94960,94960,,0.0875
California,94963,94963,,0.0825
California,94964,94964,,0.0825
California,94965,94965,,0.0875
California,94966,94966,,0.0875
California,94970,94970,,0.0825
California,94971,94971,,0.0825
California,94972,94972,,0.085
California,94973,94973,,0.0825
California,94974,94974,,0.0825
California,94975,94975,,0.095
California,94976,94976,,0.09
California,94977,94977,,0.09
California,94978,94978,,0.09
California,94979,94979,,0.0875
California,94998,94998,,0.085
California,94999,94999,,0.095
California,95001,95001,,0.09
California,95002,95002,,0.09375
California,95003,95003,,0.09
California,95004,95004,,0.0775
California,95005,95005,,0.09
California,95006,95006,,0.09
California,95007,95007,,0.09
California,95008,95008,,0.09375
California,95009,95009,,0.09375
California,95010,95010,,0.09
California,95011,95011,,0.09375
California,95012,95012,,0.0775
California,95013,95013,,0.09375
California,95014,95014,,0.09125
California,95015,95015,,0.09125
California,95017,95017,,0.09
California,95018,95018,,0.09
California,95019,95019,,0.0925
California,95020,95020,,0.09125
California,95021,95021,,0.09125
California,95023,95023,,0.0925
California,95024,95024,,0.0925
California,95026,95026,,0.09125
California,95030,95030,,0.0925
California,95031,95031,,0.0925
California,95032,95032,,0.0925
California,95033,95033,,0.09
California,95035,95035,,0.09375
California,95036,95036,,0.09375
California,95037,95037,,0.09125
California,95038,95038,,0.09125
California,95039,95039,,0.0775
California,95041,95041,,0.09
California,95043,95043,,0.0825
California,95044,95044,,0.09125
California,95045,95045,,0.0825
California,95046,95046,,0.09125
California,95050,95050,,0.09125
California,95051,95051,,0.09125
California,95052,95052,,0.09125
California,95053,95053,,0.09125
California,95054,95054,,0.09125
California,95055,95055,,0.09125
California,95056,95056,,0.09125
California,95060,95060,,0.0925
California,95061,95061,,0.0925
California,95062,95062,,0.09
California,95063,95063,,0.0925
California,95064,95064,,0.0925
California,95065,95065,,0.09
California,95066,95066,,0.0975
California,95067,95067,,0.0975
California,95070,95070,,0.09125
California,95071,95071,,0.09125
California,95073,95073,,0.09
California,95075,95075,,0.0825
California,95076,95076,,0.0925
California,95077,95077,,0.0925
California,95101,95101,,0.09375
California,95103,95103,,0.09375
California,95106,95106,,0.09375
California,95108,95108,,0.09375
California,95109,95109,,0.09375
California,95110,95110,,0.09375
California,95111,95111,,0.09375
California,95112,95112,,0.09375
California,95113,95113,,0.09375
California,95116,95116,,0.09375
California,95117,95117,,0.09375
California,95118,95118,,0.09375
California,95119,95119,,0.09375
California,95120,95120,,0.09375
California,95121,95121,,0.09375
California,95122,95122,,0.09375
California,95123,95123,,0.09375
California,95124,95124,,0.09375
California,95125,95125,,0.09375
California,95126,95126,,0.09375
California,95127,95127,,0.09375
California,95128,95128,,0.09375
California,95129,95129,,0.09375
California,95130,95130,,0.09375
California,95131,95131,,0.09375
California,95132,95132,,0.09375
California,95133,95133,,0.09375
California,95134,95134,,0.09375
California,95135,95135,,0.09375
California,95136,95136,,0.09375
California,95138,95138,,0.09375
California,95139,95139,,0.09375
California,95140,95140,,0.09125
California,95141,95141,,0.09375
California,95148,95148,,0.09375
California,95150,95150,,0.09375
California,95151,95151,,0.09375
California,95152,95152,,0.09375
California,95153,95153,,0.09375
California,95154,95154,,0.09375
California,95155,95155,,0.09375
California,95156,95156,,0.09375
California,95157,95157,,0.09375
California,95158,95158,,0.09375
California,95159,95159,,0.09375
California,95160,95160,,0.09375
California,95161,95161,,0.09375
California,95164,95164,,0.09375
California,95170,95170,,0.09375
California,95172,95172,,0.09375
California,95173,95173,,0.09375
California,95191,95191,,0.09375
California,95192,95192,,0.09375
California,95193,95193,,0.09375
California,95196,95196,,0.09375
California,95201,95201,,0.09
California,95202,95202,,0.09
California,95203,95203,,0.09
California,95204,95204,,0.09
California,95205,95205,,0.09
California,95206,95206,,0.09
California,95207,95207,,0.09
California,95208,95208,,0.09
California,95209,95209,,0.09
California,95210,95210,,0.09
California,95211,95211,,0.09
California,95212,95212,,0.0775
California,95213,95213,,0.09
California,95215,95215,,0.0775
California,95219,95219,,0.09
California,95220,95220,,0.0775
California,95221,95221,,0.0775
California,95222,95222,,0.0775
California,95223,95223,,0.0725
California,95224,95224,,0.0725
California,95225,95225,,0.0725
California,95226,95226,,0.0725
California,95227,95227,,0.0775
California,95228,95228,,0.0725
California,95229,95229,,0.0725
California,95230,95230,,0.0775
California,95231,95231,,0.0775
California,95232,95232,,0.0725
California,95233,95233,,0.0725
California,95234,95234,,0.0775
California,95236,95236,,0.0775
California,95237,95237,,0.0775
California,95240,95240,,0.0825
California,95241,95241,,0.0825
California,95242,95242,,0.0825
California,95245,95245,,0.0725
California,95246,95246,,0.0725
California,95247,95247,,0.0725
California,95248,95248,,0.0725
California,95249,95249,,0.0725
California,95251,95251,,0.0725
California,95252,95252,,0.0725
California,95253,95253,,0.0775
California,95254,95254,,0.0725
California,95255,95255,,0.0725
California,95257,95257,,0.0725
California,95258,95258,,0.0775
California,95267,95267,,0.09
California,95269,95269,,0.09
California,95297,95297,,0.09
California,95301,95301,,0.0825
California,95303,95303,,0.0775
California,95304,95304,,0.0775
California,95305,95305,,0.0725
California,95306,95306,,0.0775
California,95307,95307,,0.08375
California,95309,95309,,0.0725
California,95310,95310,,0.0725
California,95311,95311,,0.0775
California,95312,95312,,0.0775
California,95313,95313,,0.07875
California,95315,95315,,0.0775
California,95316,95316,,0.07875
California,95317,95317,,0.0775
California,95318,95318,,0.0775
California,95319,95319,,0.07875
California,95320,95320,,0.0775
California,95321,95321,,0.0725
California,95322,95322,,0.0825
California,95323,95323,,0.07875
California,95324,95324,,0.0775
California,95325,95325,,0.0775
California,95326,95326,,0.07875
California,95327,95327,,0.0725
California,95328,95328,,0.07875
California,95329,95329,,0.0725
California,95330,95330,,0.0875
California,95333,95333,,0.0775
California,95334,95334,,0.0775
California,95335,95335,,0.0725
California,95336,95336,,0.0825
California,95337,95337,,0.0825
California,95338,95338,,0.0775
California,95340,95340,,0.0825
California,95341,95341,,0.0825
California,95343,95343,,0.0775
California,95344,95344,,0.0825
California,95345,95345,,0.0775
California,95346,95346,,0.0725
California,95347,95347,,0.0725
California,95348,95348,,0.0825
California,95350,95350,,0.07875
California,95351,95351,,0.07875
California,95352,95352,,0.07875
California,95353,95353,,0.07875
California,95354,95354,,0.07875
California,95355,95355,,0.07875
California,95356,95356,,0.07875
California,95357,95357,,0.07875
California,95358,95358,,0.07875
California,95360,95360,,0.07875
California,95361,95361,,0.08375
California,95363,95363,,0.07875
California,95364,95364,,0.0725
California,95365,95365,,0.0775
California,95366,95366,,0.0775
California,95367,95367,,0.07875
California,95368,95368,,0.07875
California,95369,95369,,0.0775
California,95370,95370,,0.0725
California,95372,95372,,0.0725
California,95373,95373,,0.0725
California,95374,95374,,0.0775
California,95375,95375,,0.0725
California,95376,95376,,0.0825
California,95377,95377,,0.0825
California,95378,95378,,0.0825
California,95379,95379,,0.0725
California,95380,95380,,0.08625
California,95381,95381,,0.08625
California,95382,95382,,0.08625
California,95383,95383,,0.0725
California,95385,95385,,0.07875
California,95386,95386,,0.07875
California,95387,95387,,0.07875
California,95388,95388,,0.0775
California,95389,95389,,0.0775
California,95391,95391,,0.0775
California,95397,95397,,0.07875
California,95401,95401,,0.0925
California,95402,95402,,0.0925
California,95403,95403,,0.0925
California,95404,95404,,0.0925
California,95405,95405,,0.0925
California,95406,95406,,0.0925
California,95407,95407,,0.0925
California,95409,95409,,0.0925
California,95410,95410,,0.07875
California,95412,95412,,0.085
California,95415,95415,,0.07875
California,95416,95416,,0.085
California,95417,95417,,0.07875
California,95418,95418,,0.07875
California,95419,95419,,0.085
California,95420,95420,,0.07875
California,95421,95421,,0.085
California,95422,95422,,0.0875
California,95423,95423,,0.0725
California,95424,95424,,0.0875
California,95425,95425,,0.085
California,95426,95426,,0.0725
California,95427,95427,,0.07875
California,95428,95428,,0.07875
California,95429,95429,,0.07875
California,95430,95430,,0.085
California,95431,95431,,0.085
California,95432,95432,,0.07875
California,95433,95433,,0.085
California,95435,95435,,0.0725
California,95436,95436,,0.085
California,95437,95437,,0.08875
California,95439,95439,,0.085
California,95441,95441,,0.085
California,95442,95442,,0.085
California,95443,95443,,0.0725
California,95444,95444,,0.085
California,95445,95445,,0.07875
California,95446,95446,,0.085
California,95448,95448,,0.09
California,95449,95449,,0.07875
California,95450,95450,,0.085
California,95451,95451,,0.0725
California,95452,95452,,0.085
California,95453,95453,,0.0875
California,95454,95454,,0.07875
California,95456,95456,,0.07875
California,95457,95457,,0.0725
California,95458,95458,,0.0725
California,95459,95459,,0.07875
California,95460,95460,,0.07875
California,95461,95461,,0.0725
California,95462,95462,,0.085
California,95463,95463,,0.07875
California,95464,95464,,0.0725
California,95465,95465,,0.085
California,95466,95466,,0.07875
California,95467,95467,,0.0725
California,95468,95468,,0.07875
California,95469,95469,,0.07875
California,95470,95470,,0.07875
California,95471,95471,,0.085
California,95472,95472,,0.085
California,95473,95473,,0.0925
California,95476,95476,,0.085
California,95480,95480,,0.085
California,95481,95481,,0.07875
California,95482,95482,,0.08875
California,95485,95485,,0.0725
California,95486,95486,,0.085
California,95487,95487,,0.085
California,95488,95488,,0.07875
California,95490,95490,,0.07875
California,95492,95492,,0.085
California,95493,95493,,0.0725
California,95494,95494,,0.07875
California,95497,95497,,0.085
California,95501,95501,,0.0925
California,95502,95502,,0.0925
California,95503,95503,,0.0775
California,95511,95511,,0.0775
California,95514,95514,,0.0775
California,95518,95518,,0.085
California,95519,95519,,0.0775
California,95521,95521,,0.085
California,95524,95524,,0.0775
California,95525,95525,,0.0775
California,95526,95526,,0.0775
California,95527,95527,,0.0725
California,95528,95528,,0.0775
California,95531,95531,,0.085
California,95532,95532,,0.085
California,95534,95534,,0.0775
California,95536,95536,,0.0775
California,95537,95537,,0.0775
California,95540,95540,,0.085
California,95542,95542,,0.0775
California,95543,95543,,0.085
California,95545,95545,,0.0775
California,95546,95546,,0.0775
California,95547,95547,,0.0775
California,95548,95548,,0.085
California,95549,95549,,0.0775
California,95550,95550,,0.0775
California,95551,95551,,0.0775
California,95552,95552,,0.0725
California,95553,95553,,0.0775
California,95554,95554,,0.0775
California,95555,95555,,0.0775
California,95556,95556,,0.0775
California,95558,95558,,0.0775
California,95559,95559,,0.0775
California,95560,95560,,0.0775
California,95562,95562,,0.0875
California,95563,95563,,0.0725
California,95564,95564,,0.0775
California,95565,95565,,0.0775
California,95567,95567,,0.085
California,95568,95568,,0.0725
California,95569,95569,,0.0775
California,95570,95570,,0.0775
California,95571,95571,,0.0775
California,95573,95573,,0.0775
California,95585,95585,,0.07875
California,95587,95587,,0.0775
California,95589,95589,,0.0775
California,95595,95595,,0.0725
California,95601,95601,,0.0775
California,95602,95602,,0.0725
California,95603,95603,,0.0725
California,95604,95604,,0.0725
California,95605,95605,,0.0825
California,95606,95606,,0.0725
California,95607,95607,,0.0725
California,95608,95608,,0.0775
California,95609,95609,,0.0775
California,95610,95610,,0.0775
California,95611,95611,,0.0775
California,95612,95612,,0.0725
California,95613,95613,,0.0725
California,95614,95614,,0.0725
California,95615,95615,,0.0775
California,95616,95616,,0.0825
California,95617,95617,,0.0825
California,95618,95618,,0.0825
California,95619,95619,,0.0725
California,95620,95620,,0.07375
California,95621,95621,,0.0775
California,95623,95623,,0.0725
California,95624,95624,,0.0775
California,95625,95625,,0.07375
California,95626,95626,,0.0775
California,95627,95627,,0.0725
California,95628,95628,,0.0775
California,95629,95629,,0.0775
California,95630,95630,,0.0775
California,95631,95631,,0.0725
California,95632,95632,,0.0825
California,95633,95633,,0.0725
California,95634,95634,,0.0725
California,95635,95635,,0.0725
California,95636,95636,,0.0725
California,95637,95637,,0.0725
California,95638,95638,,0.0775
California,95639,95639,,0.0775
California,95640,95640,,0.0775
California,95641,95641,,0.0775
California,95642,95642,,0.0775
California,95645,95645,,0.0725
California,95646,95646,,0.0725
California,95648,95648,,0.0725
California,95650,95650,,0.075
California,95651,95651,,0.0725
California,95652,95652,,0.0775
California,95653,95653,,0.0725
California,95654,95654,,0.0775
California,95655,95655,,0.0775
California,95656,95656,,0.0725
California,95658,95658,,0.0725
California,95659,95659,,0.0725
California,95660,95660,,0.0775
California,95661,95661,,0.0775
California,95662,95662,,0.0775
California,95663,95663,,0.0725
California,95664,95664,,0.0725
California,95665,95665,,0.0775
California,95666,95666,,0.0775
California,95667,95667,,0.0725
California,95668,95668,,0.0725
California,95669,95669,,0.0775
California,95670,95670,,0.0875
California,95671,95671,,0.0775
California,95672,95672,,0.0725
California,95673,95673,,0.0775
California,95674,95674,,0.0725
California,95675,95675,,0.0775
California,95676,95676,,0.0725
California,95677,95677,,0.0725
California,95678,95678,,0.0775
California,95679,95679,,0.0725
California,95680,95680,,0.0775
California,95681,95681,,0.0725
California,95682,95682,,0.0725
California,95683,95683,,0.0775
California,95684,95684,,0.0725
California,95685,95685,,0.0775
California,95686,95686,,0.0775
California,95687,95687,,0.08125
California,95688,95688,,0.08125
California,95689,95689,,0.0775
California,95690,95690,,0.0775
California,95691,95691,,0.0825
California,95692,95692,,0.0775
California,95693,95693,,0.0775
California,95694,95694,,0.0725
California,95695,95695,,0.08
California,95696,95696,,0.08125
California,95697,95697,,0.0725
California,95698,95698,,0.0725
California,95699,95699,,0.0775
California,95701,95701,,0.0725
California,95703,95703,,0.0725
California,95709,95709,,0.0725
California,95712,95712,,0.075
California,95713,95713,,0.0725
California,95714,95714,,0.0725
California,95715,95715,,0.0725
California,95717,95717,,0.0725
California,95720,95720,,0.0725
California,95721,95721,,0.0725
California,95722,95722,,0.0725
California,95724,95724,,0.075
California,95726,95726,,0.0725
California,95728,95728,,0.075
California,95735,95735,,0.0725
California,95736,95736,,0.0725
California,95741,95741,,0.0875
California,95742,95742,,0.0875
California,95746,95746,,0.0725
California,95747,95747,,0.0775
California,95757,95757,,0.0775
California,95758,95758,,0.0775
California,95759,95759,,0.0775
California,95762,95762,,0.0725
California,95763,95763,,0.0775
California,95765,95765,,0.0725
California,95776,95776,,0.08
California,95798,95798,,0.0825
California,95799,95799,,0.0825
California,95811,95811,,0.0875
California,95812,95812,,0.0875
California,95813,95813,,0.0875
California,95814,95814,,0.0875
California,95815,95815,,0.0875
California,95816,95816,,0.0875
California,95817,95817,,0.0875
California,95818,95818,,0.0875
California,95819,95819,,0.0875
California,95820,95820,,0.0875
California,95821,95821,,0.0775
California,95822,95822,,0.0875
California,95823,95823,,0.0875
California,95824,95824,,0.0775
California,95825,95825,,0.0775
California,95826,95826,,0.0775
California,95827,95827,,0.0875
California,95828,95828,,0.0775
California,95829,95829,,0.0775
California,95830,95830,,0.0775
California,95831,95831,,0.0875
California,95832,95832,,0.0875
California,95833,95833,,0.0875
California,95834,95834,,0.0875
California,95835,95835,,0.0875
California,95836,95836,,0.0725
California,95837,95837,,0.0775
California,95838,95838,,0.0875
California,95840,95840,,0.0875
California,95841,95841,,0.0775
California,95842,95842,,0.0775
California,95843,95843,,0.0775
California,95851,95851,,0.0875
California,95852,95852,,0.0875
California,95853,95853,,0.0875
California,95860,95860,,0.0775
California,95864,95864,,0.0775
California,95865,95865,,0.0775
California,95866,95866,,0.0775
California,95867,95867,,0.0875
California,95894,95894,,0.0875
California,95901,95901,,0.0825
California,95903,95903,,0.0825
California,95910,95910,,0.0725
California,95912,95912,,0.0725
California,95913,95913,,0.0725
California,95914,95914,,0.0725
California,95915,95915,,0.0725
California,95916,95916,,0.0725
California,95917,95917,,0.0725
California,95918,95918,,0.0825
California,95919,95919,,0.0825
California,95920,95920,,0.0725
California,95922,95922,,0.0825
California,95923,95923,,0.0725
California,95924,95924,,0.075
California,95925,95925,,0.0825
California,95926,95926,,0.0725
California,95927,95927,,0.0725
California,95928,95928,,0.0725
California,95929,95929,,0.0725
California,95930,95930,,0.0725
California,95932,95932,,0.0725
California,95934,95934,,0.0725
California,95935,95935,,0.0825
California,95936,95936,,0.0725
California,95937,95937,,0.0725
California,95938,95938,,0.0725
California,95939,95939,,0.0725
California,95940,95940,,0.0725
California,95941,95941,,0.0725
California,95942,95942,,0.0725
California,95943,95943,,0.0725
California,95944,95944,,0.0725
California,95945,95945,,0.085
California,95946,95946,,0.075
California,95947,95947,,0.0725
California,95948,95948,,0.0725
California,95949,95949,,0.075
California,95950,95950,,0.0725
California,95951,95951,,0.0725
California,95953,95953,,0.0725
California,95954,95954,,0.0725
California,95955,95955,,0.0725
California,95956,95956,,0.0725
California,95957,95957,,0.0725
California,95958,95958,,0.0725
California,95959,95959,,0.075
California,95960,95960,,0.075
California,95961,95961,,0.0825
California,95962,95962,,0.0825
California,95963,95963,,0.0775
California,95965,95965,,0.0825
California,95966,95966,,0.0725
California,95967,95967,,0.0775
California,95968,95968,,0.0725
California,95969,95969,,0.0775
California,95970,95970,,0.0725
California,95971,95971,,0.0725
California,95972,95972,,0.0825
California,95973,95973,,0.0725
California,95974,95974,,0.0725
California,95975,95975,,0.075
California,95976,95976,,0.0725
California,95977,95977,,0.075
California,95978,95978,,0.0725
California,95979,95979,,0.0725
California,95980,95980,,0.0825
California,95981,95981,,0.0725
California,95982,95982,,0.0725
California,95983,95983,,0.0725
California,95984,95984,,0.0725
California,95986,95986,,0.075
California,95987,95987,,0.0775
California,95988,95988,,0.0725
California,95991,95991,,0.0725
California,95992,95992,,0.0725
California,95993,95993,,0.0725
California,96001,96001,,0.0725
California,96002,96002,,0.0725
California,96003,96003,,0.0725
California,96006,96006,,0.0725
California,96007,96007,,0.0775
California,96008,96008,,0.0725
California,96009,96009,,0.0725
California,96010,96010,,0.0725
California,96011,96011,,0.0725
California,96013,96013,,0.0725
California,96014,96014,,0.0725
California,96015,96015,,0.0725
California,96016,96016,,0.0725
California,96017,96017,,0.0725
California,96019,96019,,0.0725
California,96020,96020,,0.0725
California,96021,96021,,0.0775
California,96022,96022,,0.0725
California,96023,96023,,0.0725
California,96024,96024,,0.0725
California,96025,96025,,0.0775
California,96027,96027,,0.0725
California,96028,96028,,0.0725
California,96029,96029,,0.0725
California,96031,96031,,0.0725
California,96032,96032,,0.0725
California,96033,96033,,0.0725
California,96034,96034,,0.0725
California,96035,96035,,0.0725
California,96037,96037,,0.0725
California,96038,96038,,0.0725
California,96039,96039,,0.0725
California,96040,96040,,0.0725
California,96041,96041,,0.0725
California,96044,96044,,0.0725
California,96046,96046,,0.0725
California,96047,96047,,0.0725
California,96048,96048,,0.0725
California,96049,96049,,0.0725
California,96050,96050,,0.0725
California,96051,96051,,0.0725
California,96052,96052,,0.0725
California,96054,96054,,0.0725
California,96055,96055,,0.0725
California,96056,96056,,0.0725
California,96057,96057,,0.0725
California,96058,96058,,0.0725
California,96059,96059,,0.0725
California,96061,96061,,0.0725
California,96062,96062,,0.0725
California,96063,96063,,0.0725
California,96064,96064,,0.0725
California,96065,96065,,0.0725
California,96067,96067,,0.075
California,96068,96068,,0.0725
California,96069,96069,,0.0725
California,96070,96070,,0.0725
California,96071,96071,,0.0725
California,96073,96073,,0.0725
California,96074,96074,,0.0725
California,96075,96075,,0.0725
California,96076,96076,,0.0725
California,96078,96078,,0.0725
California,96080,96080,,0.075
California,96084,96084,,0.0725
California,96085,96085,,0.0725
California,96086,96086,,0.0725
California,96087,96087,,0.0725
California,96088,96088,,0.0725
California,96089,96089,,0.0725
California,96090,96090,,0.0725
California,96091,96091,,0.0725
California,96092,96092,,0.0725
California,96093,96093,,0.0725
California,96094,96094,,0.0725
California,96095,96095,,0.0725
California,96096,96096,,0.0725
California,96097,96097,,0.0775
California,96099,96099,,0.0725
California,96101,96101,,0.0725
California,96103,96103,,0.0725
California,96104,96104,,0.0725
California,96105,96105,,0.0725
California,96106,96106,,0.0725
California,96107,96107,,0.0725
California,96108,96108,,0.0725
California,96109,96109,,0.0725
California,96110,96110,,0.0725
California,96111,96111,,0.075
California,96112,96112,,0.0725
California,96113,96113,,0.0725
California,96114,96114,,0.0725
California,96115,96115,,0.0725
California,96116,96116,,0.0725
California,96117,96117,,0.0725
California,96118,96118,,0.0725
California,96119,96119,,0.0725
California,96120,96120,,0.0725
California,96121,96121,,0.0725
California,96122,96122,,0.0725
California,96123,96123,,0.0725
California,96124,96124,,0.0725
California,96125,96125,,0.0725
California,96126,96126,,0.0725
California,96127,96127,,0.0725
California,96128,96128,,0.0725
California,96129,96129,,0.0725
California,96130,96130,,0.0725
California,96132,96132,,0.0725
California,96133,96133,,0.0725
California,96134,96134,,0.0725
California,96135,96135,,0.0725
California,96136,96136,,0.0725
California,96137,96137,,0.0725
California,96140,96140,,0.0725
California,96141,96141,,0.0725
California,96142,96142,,0.0725
California,96143,96143,,0.0725
California,96145,96145,,0.0725
California,96146,96146,,0.0725
California,96148,96148,,0.0725
California,96150,96150,,0.0875
California,96151,96151,,0.0875
California,96152,96152,,0.0875
California,96154,96154,,0.0875
California,96155,96155,,0.0725
California,96157,96157,,0.0725
California,96158,96158,,0.0875
California,96160,96160,,0.0825
California,96161,96161,,0.0825
California,96162,96162,,0.0825
